index,data
0,"                            path  num_frames
65635  844424932766641-682-f.wav      110341
44769  844424931134244-590-f.wav       78762
73965  844424932913767-888-f.wav       89908"
1,"                             path  num_frames
73087  844424932907184-1102-f.wav       79877
49266   844424931194929-977-m.wav      114057
86455   844424933480366-662-m.wav      106626"
2,"                            path  num_frames
60167    844424932603778-9-m.wav       57957
64242  844424932745675-961-f.wav       92880
6856   844424930652621-742-f.wav       65759
76091  844424933037547-888-f.wav       76162"
3,"                            path  num_frames
53196  844424931282983-277-f.wav      119258
60443  844424932607560-727-f.wav       52756
89174  844424933497005-266-m.wav       60929
65566  844424932766244-742-f.wav       86564"
4,"                            path  num_frames
7456   844424930657953-268-f.wav       91765
8730   844424930671009-458-f.wav       75419
24393  844424930913073-448-f.wav       75047
63707  844424932732957-645-f.wav       53127"
5,"                            path  num_frames
281    844424930527145-261-f.wav       66131
60952  844424932609645-645-f.wav       81734
7336   844424930657185-571-m.wav       99939
59779  844424932593970-645-f.wav       56843"
6,"                             path  num_frames
19358   844424930835783-329-f.wav       84335
20680  844424930864080-1087-f.wav      147865
725     844424930561454-458-f.wav      104397"
7,"                            path  num_frames
9108   844424930677932-329-f.wav       78762
28157  844424930946970-736-f.wav      101425
59852  844424932594060-645-f.wav       75419"
8,"                            path  num_frames
87430  844424933484269-266-m.wav      100310
11577  844424930710332-458-f.wav       73189
45187  844424931145816-590-f.wav       66131
4400   844424930612540-939-f.wav       82106"
9,"                             path  num_frames
49943   844424931200620-977-m.wav      103283
42147   844424931111549-590-f.wav       77276
39924  844424931088645-1148-f.wav       93995"
